{
  "state": {
    "testRunDurationMs": 300970.752,
    "isStdOutTTY": true,
    "isStdErrTTY": true
  },
  "metrics": {
    "iteration_duration": {
      "type": "trend",
      "contains": "time",
      "values": {
        "avg": 1815.4075963067623,
        "min": 970.209792,
        "med": 1781.0785620000001,
        "max": 3427.450958,
        "p(90)": 2127.8087295,
        "p(95)": 2241.42269375
      }
    },
    "http_req_blocked": {
      "type": "trend",
      "contains": "time",
      "values": {
        "avg": 0.3190957125603672,
        "min": 0,
        "med": 0.001,
        "max": 44.801,
        "p(90)": 0.001,
        "p(95)": 0.001
      }
    },
    "http_req_connecting": {
      "type": "trend",
      "contains": "time",
      "values": {
        "min": 0,
        "med": 0,
        "max": 8.218,
        "p(90)": 0,
        "p(95)": 0,
        "avg": 0.06932729468599033
      }
    },
    "http_req_duration": {
      "contains": "time",
      "values": {
        "p(95)": 2240.9716,
        "avg": 1814.6665591787405,
        "min": 969.777,
        "med": 1780.632,
        "max": 3427.045,
        "p(90)": 2127.6004
      },
      "type": "trend"
    },
    "checks": {
      "type": "rate",
      "contains": "default",
      "values": {
        "fails": 764,
        "rate": 0.9538647342995169,
        "passes": 15796
      }
    },
    "data_received": {
      "type": "counter",
      "contains": "data",
      "values": {
        "count": 10741572,
        "rate": 35689.75366749258
      }
    },
    "http_req_tls_handshaking": {
      "type": "trend",
      "contains": "time",
      "values": {
        "max": 36.277,
        "p(90)": 0,
        "p(95)": 0,
        "avg": 0.23891998792270536,
        "min": 0,
        "med": 0
      }
    },
    "data_sent": {
      "type": "counter",
      "contains": "data",
      "values": {
        "rate": 914.6935314166341,
        "count": 275296
      }
    },
    "http_req_waiting": {
      "type": "trend",
      "contains": "time",
      "values": {
        "med": 1780.451,
        "max": 3426.862,
        "p(90)": 2127.4195,
        "p(95)": 2240.8138499999995,
        "avg": 1814.475591787441,
        "min": 969.542
      }
    },
    "http_reqs": {
      "contains": "default",
      "values": {
        "count": 3312,
        "rate": 11.004391549647988
      },
      "type": "counter"
    },
    "http_req_receiving": {
      "contains": "time",
      "values": {
        "avg": 0.10468448067632827,
        "min": 0.017,
        "med": 0.091,
        "max": 4.077,
        "p(90)": 0.141,
        "p(95)": 0.156
      },
      "type": "trend"
    },
    "http_req_duration{expected_response:true}": {
      "type": "trend",
      "contains": "time",
      "values": {
        "max": 3427.045,
        "p(90)": 2127.6004,
        "p(95)": 2240.9716,
        "avg": 1814.6665591787405,
        "min": 969.777,
        "med": 1780.632
      }
    },
    "http_req_sending": {
      "type": "trend",
      "contains": "time",
      "values": {
        "avg": 0.08628291062801952,
        "min": 0.022,
        "med": 0.078,
        "max": 1.88,
        "p(90)": 0.113,
        "p(95)": 0.131
      }
    },
    "http_req_failed": {
      "type": "rate",
      "contains": "default",
      "values": {
        "rate": 0,
        "passes": 0,
        "fails": 3312
      }
    },
    "vus_max": {
      "contains": "default",
      "values": {
        "value": 20,
        "min": 20,
        "max": 20
      },
      "type": "gauge"
    },
    "iterations": {
      "type": "counter",
      "contains": "default",
      "values": {
        "rate": 11.004391549647988,
        "count": 3312
      }
    },
    "vus": {
      "contains": "default",
      "values": {
        "value": 20,
        "min": 20,
        "max": 20
      },
      "type": "gauge"
    }
  },
  "root_group": {
    "path": "",
    "id": "d41d8cd98f00b204e9800998ecf8427e",
    "groups": [],
    "checks": [
        {
          "name": "status es 200",
          "path": "::status es 200",
          "id": "c8f562f01bcdf8f7be8c15f6ad60295d",
          "passes": 3312,
          "fails": 0
        },
        {
          "name": "respuesta tiene JSON válido",
          "path": "::respuesta tiene JSON válido",
          "id": "fb0e88ac8aab4b94d0758059e37f3ed1",
          "passes": 3312,
          "fails": 0
        },
        {
          "name": "respuesta tiene estructura esperada",
          "path": "::respuesta tiene estructura esperada",
          "id": "15de38737aaa5357c655ea79e52c75ca",
          "passes": 3312,
          "fails": 0
        },
        {
          "fails": 0,
          "name": "datos[0] tiene elementos con estructura correcta",
          "path": "::datos[0] tiene elementos con estructura correcta",
          "id": "e3ee9386329ef402bfeb75270a8e9167",
          "passes": 3312
        },
        {
          "passes": 2548,
          "fails": 764,
          "name": "tiempo de respuesta aceptable",
          "path": "::tiempo de respuesta aceptable",
          "id": "5c53904136a898675984aff0aaa47fe3"
        }
      ],
    "name": ""
  },
  "options": {
    "summaryTrendStats": [
      "avg",
      "min",
      "med",
      "max",
      "p(90)",
      "p(95)"
    ],
    "summaryTimeUnit": "",
    "noColor": false
  }
}