{
  "options": {
    "summaryTrendStats": [
      "avg",
      "min",
      "med",
      "max",
      "p(90)",
      "p(95)"
    ],
    "summaryTimeUnit": "",
    "noColor": false
  },
  "state": {
    "isStdOutTTY": true,
    "isStdErrTTY": true,
    "testRunDurationMs": 330004.056
  },
  "metrics": {
    "iteration_duration": {
      "type": "trend",
      "contains": "time",
      "values": {
        "avg": 6224.193382961837,
        "min": 12.451417,
        "med": 136.79222950000002,
        "max": 60030.644542,
        "p(90)": 15024.901091700001,
        "p(95)": 15123.040693449999
      }
    },
    "http_req_tls_handshaking": {
      "type": "trend",
      "contains": "time",
      "values": {
        "min": 0,
        "med": 0,
        "max": 474.444,
        "p(90)": 0,
        "p(95)": 0,
        "avg": 5.113648891453056
      }
    },
    "http_req_duration{expected_response:true}": {
      "type": "trend",
      "contains": "time",
      "values": {
        "med": 12552.195,
        "max": 59077.738,
        "p(90)": 14879.8863,
        "p(95)": 15803.756199999996,
        "avg": 12827.878829757761,
        "min": 1358.799
      }
    },
    "http_req_sending": {
      "type": "trend",
      "contains": "time",
      "values": {
        "avg": 0.03910092310228116,
        "min": 0.006,
        "med": 0.023,
        "max": 4.986,
        "p(90)": 0.084,
        "p(95)": 0.121
      }
    },
    "http_req_waiting": {
      "type": "trend",
      "contains": "time",
      "values": {
        "med": 135.9835,
        "max": 60027.341,
        "p(90)": 15023.9858,
        "p(95)": 15122.60025,
        "avg": 6215.946534430898,
        "min": 12.367
      }
    },
    "http_req_connecting": {
      "type": "trend",
      "contains": "time",
      "values": {
        "min": 0,
        "med": 0,
        "max": 208.31,
        "p(90)": 0,
        "p(95)": 0,
        "avg": 2.442530021429161
      }
    },
    "iterations": {
      "type": "counter",
      "contains": "default",
      "values": {
        "count": 48532,
        "rate": 147.06485910585295
      }
    },
    "http_req_blocked": {
      "type": "trend",
      "contains": "time",
      "values": {
        "avg": 7.684105332561474,
        "min": 0,
        "med": 0,
        "max": 690.226,
        "p(90)": 0.001,
        "p(95)": 0.001
      }
    },
    "http_req_failed": {
      "contains": "default",
      "values": {
        "rate": 0.9404516607599109,
        "passes": 45642,
        "fails": 2890
      },
      "type": "rate"
    },
    "vus_max": {
      "type": "gauge",
      "contains": "default",
      "values": {
        "value": 1000,
        "min": 1000,
        "max": 1000
      }
    },
    "checks": {
      "type": "rate",
      "contains": "default",
      "values": {
        "rate": 0.14901213926599238,
        "passes": 50623,
        "fails": 289101
      }
    },
    "data_received": {
      "type": "counter",
      "contains": "data",
      "values": {
        "count": 28661275,
        "rate": 86851.28100364924
      }
    },
    "data_sent": {
      "type": "counter",
      "contains": "data",
      "values": {
        "count": 3311146,
        "rate": 10033.652434865831
      }
    },
    "vus": {
      "type": "gauge",
      "contains": "default",
      "values": {
        "max": 1000,
        "value": 195,
        "min": 195
      }
    },
    "http_req_duration": {
      "type": "trend",
      "contains": "time",
      "values": {
        "min": 12.384,
        "med": 136.3435,
        "max": 60027.421,
        "p(90)": 15024.487799999999,
        "p(95)": 15122.664749999998,
        "avg": 6216.244057632091
      }
    },
    "http_req_receiving": {
      "type": "trend",
      "contains": "time",
      "values": {
        "min": 0,
        "med": 0.034,
        "max": 22.484,
        "p(90)": 0.459,
        "p(95)": 1.003,
        "avg": 0.2584222780845652
      }
    },
    "http_reqs": {
      "type": "counter",
      "contains": "default",
      "values": {
        "count": 48532,
        "rate": 147.06485910585295
      }
    }
  },
  "root_group": {
    "path": "",
    "id": "d41d8cd98f00b204e9800998ecf8427e",
    "groups": [],
    "checks": [
        {
          "name": "status es 200",
          "path": "::status es 200",
          "id": "c8f562f01bcdf8f7be8c15f6ad60295d",
          "passes": 2890,
          "fails": 45642
        },
        {
          "name": "respuesta tiene JSON v치lido",
          "path": "::respuesta tiene JSON v치lido",
          "id": "fb0e88ac8aab4b94d0758059e37f3ed1",
          "passes": 2890,
          "fails": 45642
        },
        {
          "path": "::respuesta tiene estructura esperada",
          "id": "15de38737aaa5357c655ea79e52c75ca",
          "passes": 2890,
          "fails": 45642,
          "name": "respuesta tiene estructura esperada"
        },
        {
          "name": "datos principales correctos",
          "path": "::datos principales correctos",
          "id": "fc46a1a1f5cfbc4ab64e8e234a8bd7a4",
          "passes": 2890,
          "fails": 45642
        },
        {
          "name": "incidentes y detalles presentes",
          "path": "::incidentes y detalles presentes",
          "id": "9ef556b0e9308a9754ecd28feb38b593",
          "passes": 2890,
          "fails": 45642
        },
        {
          "fails": 45642,
          "name": "adjuntos presentes y v치lidos",
          "path": "::adjuntos presentes y v치lidos",
          "id": "38eec25de603498fc48af86a2e4ccd47",
          "passes": 2890
        },
        {
          "name": "tiempo de respuesta aceptable",
          "path": "::tiempo de respuesta aceptable",
          "id": "5c53904136a898675984aff0aaa47fe3",
          "passes": 33283,
          "fails": 15249
        }
      ],
    "name": ""
  }
}