{
  "metrics": {
    "http_req_tls_handshaking": {
      "type": "trend",
      "contains": "time",
      "values": {
        "max": 28.853,
        "p(90)": 0,
        "p(95)": 0,
        "avg": 0.25028318584070797,
        "min": 0,
        "med": 0
      }
    },
    "http_req_sending": {
      "contains": "time",
      "values": {
        "min": 0.017,
        "med": 0.133,
        "max": 0.506,
        "p(90)": 0.189,
        "p(95)": 0.208,
        "avg": 0.1371321112515803
      },
      "type": "trend"
    },
    "http_req_receiving": {
      "type": "trend",
      "contains": "time",
      "values": {
        "avg": 5.567068268015174,
        "min": 0.197,
        "med": 4.782,
        "max": 304.616,
        "p(90)": 6.8475,
        "p(95)": 7.79795
      }
    },
    "vus_max": {
      "contains": "default",
      "values": {
        "value": 20,
        "min": 20,
        "max": 20
      },
      "type": "gauge"
    },
    "http_req_waiting": {
      "type": "trend",
      "contains": "time",
      "values": {
        "p(90)": 4697.8376,
        "p(95)": 5134.5286,
        "avg": 3807.846274336281,
        "min": 1740.791,
        "med": 3688.8205,
        "max": 9297.968
      }
    },
    "http_req_duration{expected_response:true}": {
      "type": "trend",
      "contains": "time",
      "values": {
        "med": 3692.7200000000003,
        "max": 9303.198,
        "p(90)": 4707.8388,
        "p(95)": 5138.19425,
        "avg": 3813.5504747155437,
        "min": 1744.659
      }
    },
    "data_sent": {
      "values": {
        "count": 261847,
        "rate": 864.7837187138531
      },
      "type": "counter",
      "contains": "data"
    },
    "iterations": {
      "type": "counter",
      "contains": "default",
      "values": {
        "count": 1582,
        "rate": 5.224760425001301
      }
    },
    "iteration_duration": {
      "contains": "time",
      "values": {
        "min": 1770.650542,
        "med": 3693.5306665,
        "max": 9304.336541,
        "p(90)": 4708.6592331,
        "p(95)": 5139.28903955,
        "avg": 3814.9109215960793
      },
      "type": "trend"
    },
    "http_req_blocked": {
      "contains": "time",
      "values": {
        "p(95)": 0.002,
        "avg": 0.3497635903918815,
        "min": 0,
        "med": 0.001,
        "max": 36.877,
        "p(90)": 0.002
      },
      "type": "trend"
    },
    "checks": {
      "type": "rate",
      "contains": "default",
      "values": {
        "rate": 0.800126422250316,
        "passes": 6329,
        "fails": 1581
      }
    },
    "data_received": {
      "contains": "data",
      "values": {
        "count": 27875971,
        "rate": 92064.01396288491
      },
      "type": "counter"
    },
    "http_req_duration": {
      "type": "trend",
      "contains": "time",
      "values": {
        "max": 9303.198,
        "p(90)": 4707.8388,
        "p(95)": 5138.19425,
        "avg": 3813.5504747155437,
        "min": 1744.659,
        "med": 3692.7200000000003
      }
    },
    "vus": {
      "values": {
        "value": 12,
        "min": 12,
        "max": 20
      },
      "type": "gauge",
      "contains": "default"
    },
    "http_reqs": {
      "contains": "default",
      "values": {
        "count": 1582,
        "rate": 5.224760425001301
      },
      "type": "counter"
    },
    "http_req_connecting": {
      "type": "trend",
      "contains": "time",
      "values": {
        "min": 0,
        "med": 0,
        "max": 6.028,
        "p(90)": 0,
        "p(95)": 0,
        "avg": 0.06841024020227561
      }
    },
    "http_req_failed": {
      "type": "rate",
      "contains": "default",
      "values": {
        "rate": 0,
        "passes": 0,
        "fails": 1582
      }
    }
  },
  "root_group": {
    "path": "",
    "id": "d41d8cd98f00b204e9800998ecf8427e",
    "groups": [],
    "checks": [
        {
          "fails": 0,
          "name": "status es 200",
          "path": "::status es 200",
          "id": "c8f562f01bcdf8f7be8c15f6ad60295d",
          "passes": 1582
        },
        {
          "name": "respuesta tiene JSON válido",
          "path": "::respuesta tiene JSON válido",
          "id": "fb0e88ac8aab4b94d0758059e37f3ed1",
          "passes": 1582,
          "fails": 0
        },
        {
          "fails": 0,
          "name": "respuesta tiene estructura esperada",
          "path": "::respuesta tiene estructura esperada",
          "id": "15de38737aaa5357c655ea79e52c75ca",
          "passes": 1582
        },
        {
          "name": "datos.filas tiene elementos con estructura correcta",
          "path": "::datos.filas tiene elementos con estructura correcta",
          "id": "e8a0c7169284d74a1001dac25ffabb06",
          "passes": 1582,
          "fails": 0
        },
        {
          "name": "tiempo de respuesta aceptable",
          "path": "::tiempo de respuesta aceptable",
          "id": "5c53904136a898675984aff0aaa47fe3",
          "passes": 1,
          "fails": 1581
        }
      ],
    "name": ""
  },
  "options": {
    "noColor": false,
    "summaryTrendStats": [
      "avg",
      "min",
      "med",
      "max",
      "p(90)",
      "p(95)"
    ],
    "summaryTimeUnit": ""
  },
  "state": {
    "isStdOutTTY": true,
    "isStdErrTTY": true,
    "testRunDurationMs": 302789.003
  }
}