{
  "state": {
    "isStdOutTTY": true,
    "isStdErrTTY": true,
    "testRunDurationMs": 300307.993935
  },
  "metrics": {
    "http_req_connecting": {
      "type": "trend",
      "contains": "time",
      "values": {
        "max": 3.013125,
        "p(90)": 0,
        "p(95)": 0,
        "avg": 0.004663649617201498,
        "min": 0,
        "med": 0
      }
    },
    "checks": {
      "contains": "default",
      "values": {
        "rate": 1,
        "passes": 18417,
        "fails": 0
      },
      "type": "rate"
    },
    "http_req_receiving": {
      "type": "trend",
      "contains": "time",
      "values": {
        "med": 0.061533,
        "max": 3.077966,
        "p(90)": 0.12173520000000003,
        "p(95)": 0.14808860000000007,
        "avg": 0.07253722951620753,
        "min": 0.014261
      }
    },
    "vus": {
      "type": "gauge",
      "contains": "default",
      "values": {
        "min": 10,
        "max": 10,
        "value": 10
      }
    },
    "iterations": {
      "type": "counter",
      "contains": "default",
      "values": {
        "count": 18417,
        "rate": 61.327038813313294
      }
    },
    "http_reqs": {
      "type": "counter",
      "contains": "default",
      "values": {
        "count": 18417,
        "rate": 61.327038813313294
      }
    },
    "http_req_sending": {
      "type": "trend",
      "contains": "time",
      "values": {
        "max": 2.639541,
        "p(90)": 0.08427160000000002,
        "p(95)": 0.098873,
        "avg": 0.0513150855731116,
        "min": 0.014977,
        "med": 0.045469
      }
    },
    "data_received": {
      "type": "counter",
      "contains": "data",
      "values": {
        "count": 17833946,
        "rate": 59385.5187346763
      }
    },
    "http_req_blocked": {
      "type": "trend",
      "contains": "time",
      "values": {
        "avg": 0.04349873616767199,
        "min": 0.000182,
        "med": 0.000329,
        "max": 10.653951,
        "p(90)": 0.000407,
        "p(95)": 0.000446
      }
    },
    "http_req_failed": {
      "type": "rate",
      "contains": "default",
      "values": {
        "rate": 0,
        "passes": 0,
        "fails": 18417
      }
    },
    "iteration_duration": {
      "type": "trend",
      "contains": "time",
      "values": {
        "avg": 163.01012028479084,
        "min": 48.351296,
        "med": 124.928362,
        "max": 706.793401,
        "p(90)": 339.5455398000004,
        "p(95)": 431.7770558
      }
    },
    "vus_max": {
      "type": "gauge",
      "contains": "default",
      "values": {
        "value": 10,
        "min": 10,
        "max": 10
      }
    },
    "data_sent": {
      "type": "counter",
      "contains": "data",
      "values": {
        "count": 800407,
        "rate": 2665.2870258699927
      }
    },
    "http_req_duration": {
      "type": "trend",
      "contains": "time",
      "values": {
        "p(95)": 431.624396,
        "avg": 162.8074690792202,
        "min": 48.212184,
        "med": 124.747812,
        "max": 706.707858,
        "p(90)": 339.43838560000023
      }
    },
    "http_req_waiting": {
      "values": {
        "med": 124.622528,
        "max": 706.660101,
        "p(90)": 339.3340198000001,
        "p(95)": 431.513604,
        "avg": 162.6836167641303,
        "min": 48.085811
      },
      "type": "trend",
      "contains": "time"
    },
    "http_req_tls_handshaking": {
      "values": {
        "med": 0,
        "max": 8.227093,
        "p(90)": 0,
        "p(95)": 0,
        "avg": 0.03607303198132162,
        "min": 0
      },
      "type": "trend",
      "contains": "time"
    },
    "http_req_duration{expected_response:true}": {
      "type": "trend",
      "contains": "time",
      "values": {
        "p(90)": 339.43838560000023,
        "p(95)": 431.624396,
        "avg": 162.8074690792202,
        "min": 48.212184,
        "med": 124.747812,
        "max": 706.707858
      }
    }
  },
  "root_group": {
    "name": "",
    "path": "",
    "id": "d41d8cd98f00b204e9800998ecf8427e",
    "groups": [],
    "checks": [
        {
          "passes": 18417,
          "fails": 0,
          "name": "status es 200",
          "path": "::status es 200",
          "id": "c8f562f01bcdf8f7be8c15f6ad60295d"
        }
      ]
  },
  "options": {
    "summaryTrendStats": [
      "avg",
      "min",
      "med",
      "max",
      "p(90)",
      "p(95)"
    ],
    "summaryTimeUnit": "",
    "noColor": false
  }
}