{
  "metrics": {
    "iterations": {
      "type": "counter",
      "contains": "default",
      "values": {
        "count": 19375,
        "rate": 64.39740562336357
      }
    },
    "vus_max": {
      "type": "gauge",
      "contains": "default",
      "values": {
        "value": 100,
        "min": 100,
        "max": 100
      }
    },
    "checks": {
      "type": "rate",
      "contains": "default",
      "values": {
        "rate": 1,
        "passes": 19375,
        "fails": 0
      }
    },
    "vus": {
      "values": {
        "value": 100,
        "min": 100,
        "max": 100
      },
      "type": "gauge",
      "contains": "default"
    },
    "http_req_receiving": {
      "type": "trend",
      "contains": "time",
      "values": {
        "avg": 0.055624029935483536,
        "min": 0.016275,
        "med": 0.04383,
        "max": 2.243172,
        "p(90)": 0.09325180000000005,
        "p(95)": 0.11980009999999998
      }
    },
    "http_req_duration": {
      "type": "trend",
      "contains": "time",
      "values": {
        "avg": 1551.149064948694,
        "min": 127.347092,
        "med": 1537.255489,
        "max": 3910.954654,
        "p(90)": 1692.8201462000002,
        "p(95)": 1748.1103458
      }
    },
    "http_req_tls_handshaking": {
      "values": {
        "avg": 0.12069345491612905,
        "min": 0,
        "med": 0,
        "max": 40.612596,
        "p(90)": 0,
        "p(95)": 0
      },
      "type": "trend",
      "contains": "time"
    },
    "http_req_failed": {
      "values": {
        "passes": 0,
        "fails": 19375,
        "rate": 0
      },
      "type": "rate",
      "contains": "default"
    },
    "data_received": {
      "type": "counter",
      "contains": "data",
      "values": {
        "count": 18772368,
        "rate": 62394.415308750984
      }
    },
    "http_req_duration{expected_response:true}": {
      "type": "trend",
      "contains": "time",
      "values": {
        "p(95)": 1748.1103458,
        "avg": 1551.149064948694,
        "min": 127.347092,
        "med": 1537.255489,
        "max": 3910.954654,
        "p(90)": 1692.8201462000002
      }
    },
    "http_req_sending": {
      "values": {
        "max": 1.15269,
        "p(90)": 0.07909640000000003,
        "p(95)": 0.096306,
        "avg": 0.04814294461935493,
        "min": 0.013142,
        "med": 0.045321
      },
      "type": "trend",
      "contains": "time"
    },
    "http_reqs": {
      "type": "counter",
      "contains": "default",
      "values": {
        "count": 19375,
        "rate": 64.39740562336357
      }
    },
    "data_sent": {
      "contains": "data",
      "values": {
        "count": 840900,
        "rate": 2794.9304974805896
      },
      "type": "counter"
    },
    "iteration_duration": {
      "type": "trend",
      "contains": "time",
      "values": {
        "max": 3940.925723,
        "p(90)": 1692.9452574,
        "p(95)": 1748.2340235,
        "avg": 1551.4133429332599,
        "min": 135.139982,
        "med": 1537.481167
      }
    },
    "http_req_connecting": {
      "type": "trend",
      "contains": "time",
      "values": {
        "p(90)": 0,
        "p(95)": 0,
        "avg": 0.008906200567741935,
        "min": 0,
        "med": 0,
        "max": 3.495177
      }
    },
    "http_req_blocked": {
      "type": "trend",
      "contains": "time",
      "values": {
        "med": 0.000276,
        "max": 41.107814,
        "p(90)": 0.000358,
        "p(95)": 0.000396,
        "avg": 0.13395633512258087,
        "min": 0.000165
      }
    },
    "http_req_waiting": {
      "type": "trend",
      "contains": "time",
      "values": {
        "avg": 1551.0452979741442,
        "min": 127.137346,
        "med": 1537.159249,
        "max": 3910.798062,
        "p(90)": 1692.7653910000001,
        "p(95)": 1747.9928626
      }
    }
  },
  "root_group": {
    "id": "d41d8cd98f00b204e9800998ecf8427e",
    "groups": [],
    "checks": [
        {
          "name": "status es 200",
          "path": "::status es 200",
          "id": "c8f562f01bcdf8f7be8c15f6ad60295d",
          "passes": 19375,
          "fails": 0
        }
      ],
    "name": "",
    "path": ""
  },
  "options": {
    "summaryTrendStats": [
      "avg",
      "min",
      "med",
      "max",
      "p(90)",
      "p(95)"
    ],
    "summaryTimeUnit": "",
    "noColor": false
  },
  "state": {
    "isStdOutTTY": true,
    "isStdErrTTY": true,
    "testRunDurationMs": 300866.157766
  }
}