{
  "options": {
    "summaryTrendStats": [
      "avg",
      "min",
      "med",
      "max",
      "p(90)",
      "p(95)"
    ],
    "summaryTimeUnit": "",
    "noColor": false
  },
  "state": {
    "isStdErrTTY": true,
    "testRunDurationMs": 330016.539,
    "isStdOutTTY": true
  },
  "metrics": {
    "http_req_duration": {
      "contains": "time",
      "values": {
        "max": 60746.214,
        "p(90)": 15707.0274,
        "p(95)": 58466.6077,
        "avg": 18939.560531555508,
        "min": 15006.066,
        "med": 15102.605
      },
      "type": "trend"
    },
    "http_req_blocked": {
      "type": "trend",
      "contains": "time",
      "values": {
        "avg": 197.60091111108588,
        "min": 0,
        "med": 0,
        "max": 23309.087,
        "p(90)": 0.001,
        "p(95)": 1307.2458999999992
      }
    },
    "http_req_tls_handshaking": {
      "type": "trend",
      "contains": "time",
      "values": {
        "avg": 181.08533333333332,
        "min": 0,
        "med": 0,
        "max": 22008.235,
        "p(90)": 0,
        "p(95)": 1173.7455999999984
      }
    },
    "data_sent": {
      "type": "counter",
      "contains": "data",
      "values": {
        "count": 861226,
        "rate": 2609.6449669148246
      }
    },
    "checks": {
      "type": "rate",
      "contains": "default",
      "values": {
        "rate": 0.0013206349206349207,
        "passes": 52,
        "fails": 39323
      }
    },
    "iterations": {
      "type": "counter",
      "contains": "default",
      "values": {
        "count": 7875,
        "rate": 23.86244042150869
      }
    },
    "vus_max": {
      "type": "gauge",
      "contains": "default",
      "values": {
        "value": 500,
        "min": 500,
        "max": 500
      }
    },
    "http_req_receiving": {
      "type": "trend",
      "contains": "time",
      "values": {
        "p(90)": 0.646,
        "p(95)": 1.641899999999999,
        "avg": 3.7560115555555322,
        "min": 0,
        "med": 0.052,
        "max": 1036.411
      }
    },
    "data_received": {
      "type": "counter",
      "contains": "data",
      "values": {
        "count": 4843928,
        "rate": 14677.834070613048
      }
    },
    "http_req_waiting": {
      "values": {
        "med": 15101.735,
        "max": 60746.137,
        "p(90)": 15701.5072,
        "p(95)": 58466.5194,
        "avg": 18934.55652888895,
        "min": 14019.564
      },
      "type": "trend",
      "contains": "time"
    },
    "vus": {
      "type": "gauge",
      "contains": "default",
      "values": {
        "value": 22,
        "min": 22,
        "max": 500
      }
    },
    "http_reqs": {
      "type": "counter",
      "contains": "default",
      "values": {
        "count": 7875,
        "rate": 23.86244042150869
      }
    },
    "iteration_duration": {
      "values": {
        "avg": 19140.587257847244,
        "min": 15006.492584,
        "med": 15103.427542,
        "max": 60753.65,
        "p(90)": 15807.365717000004,
        "p(95)": 60000.9416039
      },
      "type": "trend",
      "contains": "time"
    },
    "http_req_duration{expected_response:true}": {
      "contains": "time",
      "values": {
        "avg": 28093.94014285714,
        "min": 19392.511,
        "med": 23805.039,
        "max": 55569.381,
        "p(90)": 40100.736000000004,
        "p(95)": 47835.05849999999
      },
      "type": "trend"
    },
    "http_req_connecting": {
      "type": "trend",
      "contains": "time",
      "values": {
        "med": 0,
        "max": 1803.155,
        "p(90)": 0,
        "p(95)": 74.59529999999997,
        "avg": 12.941415238095237,
        "min": 0
      }
    },
    "http_req_failed": {
      "values": {
        "passes": 7868,
        "fails": 7,
        "rate": 0.9991111111111111
      },
      "type": "rate",
      "contains": "default"
    },
    "http_req_sending": {
      "type": "trend",
      "contains": "time",
      "values": {
        "avg": 1.2479911111111146,
        "min": 0.007,
        "med": 0.055,
        "max": 988.512,
        "p(90)": 0.158,
        "p(95)": 0.2902999999999996
      }
    }
  },
  "root_group": {
    "name": "",
    "path": "",
    "id": "d41d8cd98f00b204e9800998ecf8427e",
    "groups": [],
    "checks": [
        {
          "path": "::status es 200",
          "id": "c8f562f01bcdf8f7be8c15f6ad60295d",
          "passes": 7,
          "fails": 7868,
          "name": "status es 200"
        },
        {
          "path": "::content-type es PDF",
          "id": "804d088368b4918e65566264c41a62f5",
          "passes": 31,
          "fails": 7844,
          "name": "content-type es PDF"
        },
        {
          "id": "deaf7cbff9fd323da2be6f9c87e9be3f",
          "passes": 7,
          "fails": 7868,
          "name": "content-disposition tiene filename",
          "path": "::content-disposition tiene filename"
        },
        {
          "name": "cuerpo no está vacío (>1KB)",
          "path": "::cuerpo no está vacío (>1KB)",
          "id": "b8f42b350591c75d38d09eab9dd706f4",
          "passes": 7,
          "fails": 7868
        },
        {
          "fails": 7875,
          "name": "tiempo de respuesta aceptable (<3s)",
          "path": "::tiempo de respuesta aceptable (<3s)",
          "id": "a4851f9802cac89768c27ea4f9e87b2f",
          "passes": 0
        }
      ]
  }
}