{
  "state": {
    "isStdOutTTY": true,
    "isStdErrTTY": true,
    "testRunDurationMs": 303026.870359
  },
  "metrics": {
    "data_received": {
      "contains": "data",
      "values": {
        "count": 6180039,
        "rate": 20394.35972354011
      },
      "type": "counter"
    },
    "http_req_connecting": {
      "type": "trend",
      "contains": "time",
      "values": {
        "avg": 0.007281504916792741,
        "min": 0,
        "med": 0,
        "max": 0.644578,
        "p(90)": 0,
        "p(95)": 0
      }
    },
    "http_req_tls_handshaking": {
      "type": "trend",
      "contains": "time",
      "values": {
        "p(90)": 0,
        "p(95)": 0,
        "avg": 0.2501543188350983,
        "min": 0,
        "med": 0,
        "max": 25.930928
      }
    },
    "http_req_waiting": {
      "type": "trend",
      "contains": "time",
      "values": {
        "p(95)": 7159.410081949999,
        "avg": 5715.905588351738,
        "min": 3086.005323,
        "med": 5662.7250425,
        "max": 13891.103852,
        "p(90)": 6623.1548723000005
      }
    },
    "checks": {
      "type": "rate",
      "contains": "default",
      "values": {
        "rate": 1,
        "passes": 2644,
        "fails": 0
      }
    },
    "http_req_failed": {
      "type": "rate",
      "contains": "default",
      "values": {
        "passes": 0,
        "fails": 2644,
        "rate": 0
      }
    },
    "http_req_duration": {
      "type": "trend",
      "contains": "time",
      "values": {
        "med": 5662.864935,
        "max": 13891.380947,
        "p(90)": 6623.3073271,
        "p(95)": 7159.5942439499995,
        "avg": 5716.054013065053,
        "min": 3086.146338
      }
    },
    "iteration_duration": {
      "values": {
        "p(95)": 7159.7768762999995,
        "avg": 5716.519343359298,
        "min": 3086.294705,
        "med": 5663.073747,
        "max": 13917.142153,
        "p(90)": 6623.4570213
      },
      "type": "trend",
      "contains": "time"
    },
    "vus": {
      "type": "gauge",
      "contains": "default",
      "values": {
        "value": 10,
        "min": 10,
        "max": 50
      }
    },
    "http_req_sending": {
      "type": "trend",
      "contains": "time",
      "values": {
        "min": 0.015744,
        "med": 0.043984999999999996,
        "max": 0.680158,
        "p(90)": 0.09160300000000003,
        "p(95)": 0.11266074999999999,
        "avg": 0.053779559757942595
      }
    },
    "http_req_blocked": {
      "type": "trend",
      "contains": "time",
      "values": {
        "min": 0.000223,
        "med": 0.000297,
        "max": 27.714987,
        "p(90)": 0.00042970000000000025,
        "p(95)": 0.0005528499999999999,
        "avg": 0.27605347276853165
      }
    },
    "vus_max": {
      "type": "gauge",
      "contains": "default",
      "values": {
        "value": 50,
        "min": 50,
        "max": 50
      }
    },
    "http_req_duration{expected_response:true}": {
      "type": "trend",
      "contains": "time",
      "values": {
        "avg": 5716.054013065053,
        "min": 3086.146338,
        "med": 5662.864935,
        "max": 13891.380947,
        "p(90)": 6623.3073271,
        "p(95)": 7159.5942439499995
      }
    },
    "data_sent": {
      "type": "counter",
      "contains": "data",
      "values": {
        "count": 154989,
        "rate": 511.4694938319577
      }
    },
    "iterations": {
      "type": "counter",
      "contains": "default",
      "values": {
        "rate": 8.72529883857368,
        "count": 2644
      }
    },
    "http_reqs": {
      "type": "counter",
      "contains": "default",
      "values": {
        "count": 2644,
        "rate": 8.72529883857368
      }
    },
    "http_req_receiving": {
      "type": "trend",
      "contains": "time",
      "values": {
        "p(95)": 0.21768734999999984,
        "avg": 0.09464515355521953,
        "min": 0.022312,
        "med": 0.07813600000000001,
        "max": 1.238552,
        "p(90)": 0.16553950000000017
      }
    }
  },
  "root_group": {
    "name": "",
    "path": "",
    "id": "d41d8cd98f00b204e9800998ecf8427e",
    "groups": [],
    "checks": [
        {
          "id": "77e79e2e10342dd4010e6a7412085360",
          "passes": 2644,
          "fails": 0,
          "name": "estado es 200",
          "path": "::estado es 200"
        }
      ]
  },
  "options": {
    "summaryTrendStats": [
      "avg",
      "min",
      "med",
      "max",
      "p(90)",
      "p(95)"
    ],
    "summaryTimeUnit": "",
    "noColor": false
  }
}