{
  "state": {
    "isStdOutTTY": true,
    "isStdErrTTY": true,
    "testRunDurationMs": 630001.719174
  },
  "metrics": {
    "checks": {
      "type": "rate",
      "contains": "default",
      "values": {
        "rate": 0.22704326923076923,
        "passes": 1889,
        "fails": 6431
      }
    },
    "http_req_connecting": {
      "values": {
        "max": 19.585668,
        "p(90)": 0,
        "p(95)": 0.35906914999999884,
        "avg": 0.28447236862980785,
        "min": 0,
        "med": 0
      },
      "type": "trend",
      "contains": "time"
    },
    "http_req_duration": {
      "type": "trend",
      "contains": "time",
      "values": {
        "max": 60011.304506,
        "p(90)": 60000.5644823,
        "p(95)": 60000.84596785,
        "avg": 36114.070933789044,
        "min": 6474.815029,
        "med": 29714.890839
      }
    },
    "http_req_waiting": {
      "type": "trend",
      "contains": "time",
      "values": {
        "avg": 36113.96599338137,
        "min": 6474.679507,
        "med": 29714.7909065,
        "max": 60011.170644,
        "p(90)": 60000.5068637,
        "p(95)": 60000.79046695
      }
    },
    "http_req_receiving": {
      "values": {
        "p(95)": 0.14904404999999998,
        "avg": 0.04976942103365391,
        "min": 0,
        "med": 0.037388500000000005,
        "max": 1.903098,
        "p(90)": 0.1094017
      },
      "type": "trend",
      "contains": "time"
    },
    "iteration_duration": {
      "type": "trend",
      "contains": "time",
      "values": {
        "avg": 36121.607098977445,
        "min": 6506.174128,
        "med": 29714.9928515,
        "max": 60157.407874,
        "p(90)": 60001.5441653,
        "p(95)": 60005.1504652
      }
    },
    "vus": {
      "type": "gauge",
      "contains": "default",
      "values": {
        "max": 500,
        "value": 117,
        "min": 117
      }
    },
    "http_req_duration{expected_response:true}": {
      "type": "trend",
      "contains": "time",
      "values": {
        "avg": 27291.117960353662,
        "min": 6474.815029,
        "med": 28626.80622,
        "max": 59680.603207,
        "p(90)": 30543.9020172,
        "p(95)": 30889.549752199997
      }
    },
    "iterations": {
      "type": "counter",
      "contains": "default",
      "values": {
        "count": 8320,
        "rate": 13.206313168332962
      }
    },
    "http_req_failed": {
      "type": "rate",
      "contains": "default",
      "values": {
        "rate": 0.7729567307692308,
        "passes": 6431,
        "fails": 1889
      }
    },
    "http_reqs": {
      "type": "counter",
      "contains": "default",
      "values": {
        "count": 8320,
        "rate": 13.206313168332962
      }
    },
    "http_req_sending": {
      "type": "trend",
      "contains": "time",
      "values": {
        "max": 2.466593,
        "p(90)": 0.09192260000000001,
        "p(95)": 0.11407069999999989,
        "avg": 0.05517098665865396,
        "min": 0.015898,
        "med": 0.0446385
      }
    },
    "data_received": {
      "type": "counter",
      "contains": "data",
      "values": {
        "count": 7663846,
        "rate": 12164.801724744699
      }
    },
    "vus_max": {
      "type": "gauge",
      "contains": "default",
      "values": {
        "max": 500,
        "value": 500,
        "min": 500
      }
    },
    "data_sent": {
      "type": "counter",
      "contains": "data",
      "values": {
        "count": 771406,
        "rate": 1224.4506269147905
      }
    },
    "http_req_blocked": {
      "type": "trend",
      "contains": "time",
      "values": {
        "min": 0.000138,
        "med": 0.0003545,
        "max": 139.505619,
        "p(90)": 0.000507,
        "p(95)": 43.71405634999994,
        "avg": 4.242823619591376
      }
    },
    "http_req_tls_handshaking": {
      "type": "trend",
      "contains": "time",
      "values": {
        "p(95)": 28.55572019999914,
        "avg": 3.698363212139426,
        "min": 0,
        "med": 0,
        "max": 126.901805,
        "p(90)": 0
      }
    }
  },
  "root_group": {
    "id": "d41d8cd98f00b204e9800998ecf8427e",
    "groups": [],
    "checks": [
        {
          "id": "77e79e2e10342dd4010e6a7412085360",
          "passes": 1889,
          "fails": 6431,
          "name": "estado es 200",
          "path": "::estado es 200"
        }
      ],
    "name": "",
    "path": ""
  },
  "options": {
    "summaryTimeUnit": "",
    "noColor": false,
    "summaryTrendStats": [
      "avg",
      "min",
      "med",
      "max",
      "p(90)",
      "p(95)"
    ]
  }
}