{
  "state": {
    "isStdOutTTY": true,
    "isStdErrTTY": true,
    "testRunDurationMs": 301035.985108
  },
  "metrics": {
    "http_req_tls_handshaking": {
      "type": "trend",
      "contains": "time",
      "values": {
        "avg": 0.06102176139332366,
        "min": 0,
        "med": 0,
        "max": 10.806551,
        "p(90)": 0,
        "p(95)": 0
      }
    },
    "checks": {
      "type": "rate",
      "contains": "default",
      "values": {
        "passes": 3445,
        "fails": 0,
        "rate": 1
      }
    },
    "data_sent": {
      "type": "counter",
      "contains": "data",
      "values": {
        "count": 451971,
        "rate": 1501.385290658359
      }
    },
    "http_req_sending": {
      "contains": "time",
      "values": {
        "p(95)": 0.09343319999999998,
        "avg": 0.04315942089985482,
        "min": 0.012426,
        "med": 0.036526,
        "max": 0.339617,
        "p(90)": 0.07760459999999998
      },
      "type": "trend"
    },
    "data_received": {
      "type": "counter",
      "contains": "data",
      "values": {
        "count": 48684549,
        "rate": 161723.35338093844
      }
    },
    "http_req_waiting": {
      "type": "trend",
      "contains": "time",
      "values": {
        "avg": 1568.9324673648778,
        "min": 502.248659,
        "med": 1561.781367,
        "max": 3984.147007,
        "p(90)": 2085.1244446,
        "p(95)": 2221.9636047999998
      }
    },
    "iteration_duration": {
      "type": "trend",
      "contains": "time",
      "values": {
        "p(95)": 2425.5229319999994,
        "avg": 1747.2524828722821,
        "min": 527.425987,
        "med": 1754.578479,
        "max": 4617.520568,
        "p(90)": 2253.8511909999997
      }
    },
    "http_req_receiving": {
      "type": "trend",
      "contains": "time",
      "values": {
        "p(90)": 360.4489564,
        "p(95)": 546.2886117999997,
        "avg": 178.040296614804,
        "min": 0.269234,
        "med": 129.197573,
        "max": 2196.305733
      }
    },
    "vus": {
      "type": "gauge",
      "contains": "default",
      "values": {
        "value": 11,
        "min": 11,
        "max": 20
      }
    },
    "http_req_failed": {
      "type": "rate",
      "contains": "default",
      "values": {
        "fails": 3445,
        "rate": 0,
        "passes": 0
      }
    },
    "iterations": {
      "type": "counter",
      "contains": "default",
      "values": {
        "count": 3445,
        "rate": 11.44381459500288
      }
    },
    "http_req_duration{expected_response:true}": {
      "type": "trend",
      "contains": "time",
      "values": {
        "avg": 1747.0159234005787,
        "min": 519.824036,
        "med": 1754.403901,
        "max": 4609.979432,
        "p(90)": 2253.7469671999997,
        "p(95)": 2425.2772713999993
      }
    },
    "http_req_duration": {
      "type": "trend",
      "contains": "time",
      "values": {
        "p(90)": 2253.7469671999997,
        "p(95)": 2425.2772713999993,
        "avg": 1747.0159234005787,
        "min": 519.824036,
        "med": 1754.403901,
        "max": 4609.979432
      }
    },
    "http_req_blocked": {
      "values": {
        "p(95)": 0.000456,
        "avg": 0.08142668272859219,
        "min": 0.000173,
        "med": 0.000303,
        "max": 14.428458,
        "p(90)": 0.000413
      },
      "type": "trend",
      "contains": "time"
    },
    "vus_max": {
      "type": "gauge",
      "contains": "default",
      "values": {
        "min": 20,
        "max": 20,
        "value": 20
      }
    },
    "http_reqs": {
      "type": "counter",
      "contains": "default",
      "values": {
        "count": 3445,
        "rate": 11.44381459500288
      }
    },
    "http_req_connecting": {
      "type": "trend",
      "contains": "time",
      "values": {
        "p(90)": 0,
        "p(95)": 0,
        "avg": 0.007396974455732947,
        "min": 0,
        "med": 0,
        "max": 3.458707
      }
    }
  },
  "root_group": {
    "name": "",
    "path": "",
    "id": "d41d8cd98f00b204e9800998ecf8427e",
    "groups": [],
    "checks": [
        {
          "id": "77e79e2e10342dd4010e6a7412085360",
          "passes": 3445,
          "fails": 0,
          "name": "estado es 200",
          "path": "::estado es 200"
        }
      ]
  },
  "options": {
    "summaryTrendStats": [
      "avg",
      "min",
      "med",
      "max",
      "p(90)",
      "p(95)"
    ],
    "summaryTimeUnit": "",
    "noColor": false
  }
}