{
  "state": {
    "isStdOutTTY": true,
    "isStdErrTTY": true,
    "testRunDurationMs": 15008.25174
  },
  "metrics": {
    "http_req_waiting": {
      "type": "trend",
      "contains": "time",
      "values": {
        "med": 206.0105575,
        "max": 209.401785,
        "p(90)": 208.363867,
        "p(95)": 208.5606186,
        "avg": 206.18727495833323,
        "min": 202.972457
      }
    },
    "http_req_receiving": {
      "contains": "time",
      "values": {
        "med": 0.326082,
        "max": 2.703554,
        "p(90)": 1.7094341999999998,
        "p(95)": 1.9633847999999996,
        "avg": 0.6319188333333332,
        "min": 0.05762
      },
      "type": "trend"
    },
    "http_req_failed": {
      "contains": "default",
      "values": {
        "rate": 0,
        "passes": 0,
        "fails": 24
      },
      "type": "rate"
    },
    "http_req_duration{expected_response:true}": {
      "type": "trend",
      "contains": "time",
      "values": {
        "max": 211.403409,
        "p(90)": 209.6819537,
        "p(95)": 210.8270311,
        "avg": 207.24770337500001,
        "min": 203.702743,
        "med": 206.9552745
      }
    },
    "vus": {
      "type": "gauge",
      "contains": "default",
      "values": {
        "value": 2,
        "min": 2,
        "max": 2
      }
    },
    "data_sent": {
      "contains": "data",
      "values": {
        "count": 2338,
        "rate": 155.78096906308954
      },
      "type": "counter"
    },
    "data_received": {
      "contains": "data",
      "values": {
        "count": 76153,
        "rate": 5074.075336638776
      },
      "type": "counter"
    },
    "http_req_connecting": {
      "type": "trend",
      "contains": "time",
      "values": {
        "avg": 17.41593525,
        "min": 0,
        "med": 0,
        "max": 212.209715,
        "p(90)": 0,
        "p(95)": 174.90682134999955
      }
    },
    "iterations": {
      "type": "counter",
      "contains": "default",
      "values": {
        "rate": 1.5991202983379595,
        "count": 24
      }
    },
    "http_req_sending": {
      "values": {
        "p(95)": 1.0842652999999995,
        "avg": 0.4285095833333333,
        "min": 0.07632,
        "med": 0.2950375,
        "max": 1.258667,
        "p(90)": 0.8463002999999999
      },
      "type": "trend",
      "contains": "time"
    },
    "http_req_blocked": {
      "type": "trend",
      "contains": "time",
      "values": {
        "med": 0.000435,
        "max": 487.531996,
        "p(90)": 0.0008003,
        "p(95)": 408.66036224999897,
        "avg": 40.346637458333326,
        "min": 0.0003
      }
    },
    "iteration_duration": {
      "contains": "time",
      "values": {
        "max": 1707.364758,
        "p(90)": 1212.5321021,
        "p(95)": 1632.8071905999989,
        "avg": 1250.2895478750004,
        "min": 1204.372027,
        "med": 1209.4098764999999
      },
      "type": "trend"
    },
    "http_reqs": {
      "type": "counter",
      "contains": "default",
      "values": {
        "count": 24,
        "rate": 1.5991202983379595
      }
    },
    "http_req_tls_handshaking": {
      "type": "trend",
      "contains": "time",
      "values": {
        "p(95)": 180.86561714999954,
        "avg": 17.76978075,
        "min": 0,
        "med": 0,
        "max": 213.691659,
        "p(90)": 0
      }
    },
    "http_req_duration": {
      "type": "trend",
      "contains": "time",
      "values": {
        "avg": 207.24770337500001,
        "min": 203.702743,
        "med": 206.9552745,
        "max": 211.403409,
        "p(90)": 209.6819537,
        "p(95)": 210.8270311
      }
    },
    "vus_max": {
      "type": "gauge",
      "contains": "default",
      "values": {
        "value": 2,
        "min": 2,
        "max": 2
      }
    }
  },
  "root_group": {
    "name": "",
    "path": "",
    "id": "d41d8cd98f00b204e9800998ecf8427e",
    "groups": [],
    "checks": []
  },
  "options": {
    "summaryTrendStats": [
      "avg",
      "min",
      "med",
      "max",
      "p(90)",
      "p(95)"
    ],
    "summaryTimeUnit": "",
    "noColor": false
  }
}