{
  "root_group": {
    "name": "",
    "path": "",
    "id": "d41d8cd98f00b204e9800998ecf8427e",
    "groups": [],
    "checks": []
  },
  "options": {
    "summaryTrendStats": [
      "avg",
      "min",
      "med",
      "max",
      "p(90)",
      "p(95)"
    ],
    "summaryTimeUnit": "",
    "noColor": false
  },
  "state": {
    "isStdOutTTY": true,
    "isStdErrTTY": true,
    "testRunDurationMs": 15111.268064
  },
  "metrics": {
    "http_req_sending": {
      "values": {
        "avg": 0.45687383333333337,
        "min": 0.111979,
        "med": 0.3260265,
        "max": 1.239478,
        "p(90)": 0.8961347000000002,
        "p(95)": 1.0477936499999998
      },
      "type": "trend",
      "contains": "time"
    },
    "vus": {
      "contains": "default",
      "values": {
        "value": 4,
        "min": 4,
        "max": 4
      },
      "type": "gauge"
    },
    "http_req_tls_handshaking": {
      "type": "trend",
      "contains": "time",
      "values": {
        "p(95)": 214.8614105,
        "avg": 18.069569833333336,
        "min": 0,
        "med": 0,
        "max": 221.348921,
        "p(90)": 0
      }
    },
    "http_req_receiving": {
      "type": "trend",
      "contains": "time",
      "values": {
        "max": 2.482036,
        "p(90)": 1.8754987,
        "p(95)": 2.08354235,
        "avg": 0.7281679583333333,
        "min": 0.043799,
        "med": 0.5293995
      }
    },
    "data_sent": {
      "contains": "data",
      "values": {
        "count": 4676,
        "rate": 309.4379624658877
      },
      "type": "counter"
    },
    "http_req_duration{expected_response:true}": {
      "contains": "time",
      "values": {
        "min": 202.613923,
        "med": 207.32793600000002,
        "max": 218.054077,
        "p(90)": 214.3132137,
        "p(95)": 215.922795,
        "avg": 208.3622186458333
      },
      "type": "trend"
    },
    "http_req_blocked": {
      "type": "trend",
      "contains": "time",
      "values": {
        "max": 562.383386,
        "p(90)": 0.001046,
        "p(95)": 547.2282834,
        "avg": 46.04514441666669,
        "min": 0.00029,
        "med": 0.00047999999999999996
      }
    },
    "http_req_waiting": {
      "type": "trend",
      "contains": "time",
      "values": {
        "avg": 207.17717685416667,
        "min": 202.105337,
        "med": 206.5294745,
        "max": 216.027338,
        "p(90)": 211.8927821,
        "p(95)": 214.5937085
      }
    },
    "http_reqs": {
      "values": {
        "count": 48,
        "rate": 3.1764375958859303
      },
      "type": "counter",
      "contains": "default"
    },
    "http_req_connecting": {
      "type": "trend",
      "contains": "time",
      "values": {
        "min": 0,
        "med": 0,
        "max": 218.711247,
        "p(90)": 0,
        "p(95)": 211.35582569999997,
        "avg": 17.8672558125
      }
    },
    "iteration_duration": {
      "type": "trend",
      "contains": "time",
      "values": {
        "avg": 1255.7227608333335,
        "min": 1203.333752,
        "med": 1208.6931925,
        "max": 1776.651204,
        "p(90)": 1218.6015223,
        "p(95)": 1759.3862614
      }
    },
    "http_req_duration": {
      "contains": "time",
      "values": {
        "avg": 208.3622186458333,
        "min": 202.613923,
        "med": 207.32793600000002,
        "max": 218.054077,
        "p(90)": 214.3132137,
        "p(95)": 215.922795
      },
      "type": "trend"
    },
    "http_req_failed": {
      "type": "rate",
      "contains": "default",
      "values": {
        "rate": 0,
        "passes": 0,
        "fails": 48
      }
    },
    "iterations": {
      "type": "counter",
      "contains": "default",
      "values": {
        "count": 48,
        "rate": 3.1764375958859303
      }
    },
    "vus_max": {
      "type": "gauge",
      "contains": "default",
      "values": {
        "value": 4,
        "min": 4,
        "max": 4
      }
    },
    "data_received": {
      "type": "counter",
      "contains": "data",
      "values": {
        "count": 152537,
        "rate": 10094.255449242753
      }
    }
  }
}