{
  "state": {
    "isStdOutTTY": true,
    "isStdErrTTY": true,
    "testRunDurationMs": 300667.118
  },
  "metrics": {
    "iterations": {
      "type": "counter",
      "contains": "default",
      "values": {
        "count": 6763,
        "rate": 22.49331435039065
      }
    },
    "vus": {
      "type": "gauge",
      "contains": "default",
      "values": {
        "min": 20,
        "max": 20,
        "value": 20
      }
    },
    "data_received": {
      "type": "counter",
      "contains": "data",
      "values": {
        "count": 6838105,
        "rate": 22743.10887564366
      }
    },
    "iteration_duration": {
      "type": "trend",
      "contains": "time",
      "values": {
        "avg": 888.5718698552428,
        "min": 315.7395,
        "med": 881.644458,
        "max": 2800.668125,
        "p(90)": 1238.1417082,
        "p(95)": 1372.6856536
      }
    },
    "http_req_blocked": {
      "type": "trend",
      "contains": "time",
      "values": {
        "p(95)": 0.002,
        "avg": 0.25237793878454123,
        "min": 0,
        "med": 0.001,
        "max": 42.609,
        "p(90)": 0.002
      }
    },
    "http_req_tls_handshaking": {
      "type": "trend",
      "contains": "time",
      "values": {
        "avg": 0.17518556853467393,
        "min": 0,
        "med": 0,
        "max": 32.558,
        "p(90)": 0,
        "p(95)": 0
      }
    },
    "data_sent": {
      "type": "counter",
      "contains": "data",
      "values": {
        "count": 93212034,
        "rate": 310017.3860714626
      }
    },
    "http_req_duration": {
      "contains": "time",
      "values": {
        "max": 2800.418,
        "p(90)": 1237.3348,
        "p(95)": 1372.2204,
        "avg": 887.919450687563,
        "min": 315.389,
        "med": 880.646
      },
      "type": "trend"
    },
    "http_reqs": {
      "type": "counter",
      "contains": "default",
      "values": {
        "count": 6763,
        "rate": 22.49331435039065
      }
    },
    "http_req_duration{expected_response:true}": {
      "type": "trend",
      "contains": "time",
      "values": {
        "avg": 887.919450687563,
        "min": 315.389,
        "med": 880.646,
        "max": 2800.418,
        "p(90)": 1237.3348,
        "p(95)": 1372.2204
      }
    },
    "http_req_waiting": {
      "values": {
        "med": 880.251,
        "max": 2800.094,
        "p(90)": 1236.8546000000001,
        "p(95)": 1371.6741,
        "avg": 887.5597808664787,
        "min": 315.127
      },
      "type": "trend",
      "contains": "time"
    },
    "vus_max": {
      "type": "gauge",
      "contains": "default",
      "values": {
        "value": 20,
        "min": 20,
        "max": 20
      }
    },
    "http_req_receiving": {
      "type": "trend",
      "contains": "time",
      "values": {
        "med": 0.077,
        "max": 1.526,
        "p(90)": 0.123,
        "p(95)": 0.134,
        "avg": 0.08718142836019586,
        "min": 0.014
      }
    },
    "http_req_failed": {
      "contains": "default",
      "values": {
        "passes": 0,
        "fails": 6763,
        "rate": 0
      },
      "type": "rate"
    },
    "checks": {
      "type": "rate",
      "contains": "default",
      "values": {
        "fails": 0,
        "rate": 1,
        "passes": 47341
      }
    },
    "http_req_sending": {
      "type": "trend",
      "contains": "time",
      "values": {
        "avg": 0.2724883927251218,
        "min": 0.034,
        "med": 0.267,
        "max": 3.386,
        "p(90)": 0.326,
        "p(95)": 0.35
      }
    },
    "http_req_connecting": {
      "contains": "time",
      "values": {
        "min": 0,
        "med": 0,
        "max": 13.983,
        "p(90)": 0,
        "p(95)": 0,
        "avg": 0.06979328700280939
      },
      "type": "trend"
    }
  },
  "root_group": {
    "path": "",
    "id": "d41d8cd98f00b204e9800998ecf8427e",
    "groups": [],
    "checks": [
        {
          "id": "096ff0bf4a7e8c74d3e460fa2bae0191",
          "passes": 6763,
          "fails": 0,
          "name": "status es 200/201",
          "path": "::status es 200/201"
        },
        {
          "name": "respuesta tiene JSON válido",
          "path": "::respuesta tiene JSON válido",
          "id": "fb0e88ac8aab4b94d0758059e37f3ed1",
          "passes": 6763,
          "fails": 0
        },
        {
          "name": "finalizado existe y es booleano",
          "path": "::finalizado existe y es booleano",
          "id": "4551a18cac0e56257e64d0bb9e60fe4f",
          "passes": 6763,
          "fails": 0
        },
        {
          "name": "mensaje existe y es string",
          "path": "::mensaje existe y es string",
          "id": "30c05d3b21705c2a1c03802209f143f2",
          "passes": 6763,
          "fails": 0
        },
        {
          "name": "datos existe y es objeto",
          "path": "::datos existe y es objeto",
          "id": "86cb9068972fd34035fe4ab56900b281",
          "passes": 6763,
          "fails": 0
        },
        {
          "name": "datos contiene id, estado y paso con tipos correctos",
          "path": "::datos contiene id, estado y paso con tipos correctos",
          "id": "56a41e1ad833f65a5a1402802da963ad",
          "passes": 6763,
          "fails": 0
        },
        {
          "path": "::tiempo de respuesta aceptable",
          "id": "5c53904136a898675984aff0aaa47fe3",
          "passes": 6763,
          "fails": 0,
          "name": "tiempo de respuesta aceptable"
        }
      ],
    "name": ""
  },
  "options": {
    "summaryTrendStats": [
      "avg",
      "min",
      "med",
      "max",
      "p(90)",
      "p(95)"
    ],
    "summaryTimeUnit": "",
    "noColor": false
  }
}